id,username,acctdesc,location,language,following,followers,usercreatedts,verified,tweetcreatedts,retweetcount,favouritecount,text,hashtags,profilePic,acctdescWEB,textWEB,ratio,score,username.1,cap,textSent,Sentence,Polarity,Subjectivity,url
<built-in function id>,Shel988,0,0,0.0,229,38,2013-04-13 17:49:49,0,2021-04-02 23:58:47,2255,0,"This is the story (shared with permission) of a patient in her 40s with #COVID we just intubated. If @ongov provided essential workers with better protection, she would be at home with her family. https://t.co/KfjFJPZYeu","[{'text': 'COVID', 'indices': [87, 93]}]",0,0,1,6.026315789473684,0.8,Shel988,0.62,This is the story shared with permission of a patient in her 40s with COVID we just intubated  If ongov provided essential workers with better protection  she would be at home with her family  https t coKfjFJPZYeu,This is the story shared with permission of a patient in her 40s with COVID we just intubated  If ongov provided essential workers with better protection  she would be at home with her family  https t coKfjFJPZYeu,0.25,0.4,https://t.co/KfjFJPZYeu
<built-in function id>,Vorisskan,1,0,0.0,108,11,2020-12-13 14:50:59,0,2021-04-02 23:57:06,6,0,We were listed as a key player in the #COVID-19 medicine market in a @BrandEssenceMR report.Learn more about the driving factors and trends of this market.$AGN.CN $AGW $AGNPFhttps://t.co/MnSGZDG3m5,"[{'text': 'COVID', 'indices': [58, 64]}]",1,0,1,9.818181818181818,1.8,Vorisskan,0.78,We were listed as a key player in the COVID19 medicine market in a BrandEssenceMR report Learn more about the driving factors and trends of this market $AGN CN $AGW $AGNPFhttps t coMnSGZDG3m5,We were listed as a key player in the COVID19 medicine market in a BrandEssenceMR report Learn more about the driving factors and trends of this market $AGN CN $AGW $AGNPFhttps t coMnSGZDG3m5,0.25,0.75,https://t.co/MnSGZDG3m5
<built-in function id>,dwatchnews_mena,1,1,0.0,2714,670,2015-04-24 07:57:43,0,2021-04-02 23:56:53,19,0,"#Iran: Coronavirus death toll in 533 cities surpasses 242,000The fourth wave of COVID-19 outbreak is more deadly#Coronavirus #Covid #Covid_19 #vaccines  https://t.co/X0JmU9DfbE","[{'text': 'Iran', 'indices': [17, 22]}]",1,0,1,4.050746268656717,2.2,dwatchnews_mena,0.79,Iran  Coronavirus death toll in 533 cities surpasses 242 000The fourth wave of COVID19 outbreak is more deadlyCoronavirus Covid Covid19 vaccines  https t coX0JmU9DfbE,Iran  Coronavirus death toll in 533 cities surpasses 242 000The fourth wave of COVID19 outbreak is more deadlyCoronavirus Covid Covid19 vaccines  https t coX0JmU9DfbE,0.25,0.25,https://t.co/X0JmU9DfbE
<built-in function id>,SaveInsectsA,1,1,0.0,76,154,2018-08-04 21:32:11,0,2021-04-01 23:57:39,0,1,First vacation in over a year (with all #COVID precautions). Enjoying the birthplace of American Independence! Go #Philly https://t.co/OECwkrFRxV,"[{'text': 'COVID', 'indices': [40, 46]}, {'text': 'Philly', 'indices': [114, 121]}]",1,0,1,0.4935064935064935,1.4,SaveInsectsA,0.76,First vacation in over a year with all COVID precautions  Enjoying the birthplace of American Independence  Go Philly https t coOECwkrFRxV,First vacation in over a year with all COVID precautions  Enjoying the birthplace of American Independence  Go Philly https t coOECwkrFRxV,0.25,0.3111111111111111,https://t.co/OECwkrFRxV
<built-in function id>,cake,1,0,0.0,35,601,2009-11-14 02:49:12,0,2021-04-02 23:56:46,1,0,On Cake we have a live discussion about using apps and wearable tech to detect Covid-19... https://t.co/l1xX5MO4oD #COVID19 #COVID #apps #tech #technology,"[{'text': 'COVID19', 'indices': [115, 123]}, {'text': 'COVID', 'indices': [124, 130]}, {'text': 'apps', 'indices': [131, 136]}, {'text': 'tech', 'indices': [137, 142]}, {'text': 'technology', 'indices': [143, 154]}]",1,0,1,0.0582362728785357,1.3,cake,0.75,On Cake we have a live discussion about using apps and wearable tech to detect Covid19    https t col1xX5MO4oD COVID19 COVID apps tech technology,On Cake we have a live discussion about using apps and wearable tech to detect Covid19    https t col1xX5MO4oD COVID19 COVID apps tech technology,0.1363636363636363,0.5,https://t.co/l1xX5MO4oD
<built-in function id>,sforseth000,1,1,0.0,868,932,2008-12-05 01:26:50,0,2021-04-01 23:58:38,0,0,"New Blog Post: April 1st, 2021 BC #COVID-19 Numbers Update. View at https://t.co/bsbCWpNddE #cariboopoli #bcpoli #cdnpoli #COVID19 #COVID19BC #COVID19Canada #WellsBC #Quesnel #WilliamsLake #100MileHouse #CaribooRD","[{'text': 'COVID', 'indices': [34, 40]}, {'text': 'cariboopoli', 'indices': [92, 104]}, {'text': 'bcpoli', 'indices': [105, 112]}, {'text': 'cdnpoli', 'indices': [113, 121]}, {'text': 'COVID19', 'indices': [122, 130]}, {'text': 'COVID19BC', 'indices': [131, 141]}, {'text': 'COVID19Canada', 'indices': [142, 156]}, {'text': 'WellsBC', 'indices': [157, 165]}, {'text': 'Quesnel', 'indices': [166, 174]}, {'text': 'WilliamsLake', 'indices': [175, 188]}, {'text': '100MileHouse', 'indices': [189, 202]}, {'text': 'CaribooRD', 'indices': [203, 213]}]",1,0,1,0.9313304721030042,1.4,sforseth000,0.76,New Blog Post  April 1st  2021 BC COVID19 Numbers Update  View at https t cobsbCWpNddE cariboopoli bcpoli cdnpoli COVID19 COVID19BC COVID19Canada WellsBC Quesnel WilliamsLake 100MileHouse CaribooRD,New Blog Post  April 1st  2021 BC COVID19 Numbers Update  View at https t cobsbCWpNddE cariboopoli bcpoli cdnpoli COVID19 COVID19BC COVID19Canada WellsBC Quesnel WilliamsLake 100MileHouse CaribooRD,0.1363636363636363,0.4545454545454545,https://t.co/bsbCWpNddE
<built-in function id>,coppercanyonfun,1,1,0.0,21,11,2013-03-17 07:39:31,0,2021-04-01 23:59:55,0,0,Do things seem off-kilter? It's typical of April Fool's Day or #COVID-life in general. Spend more time #outside #Backpacking #hiking or #walking around in circles. https://t.co/B7ZXcVoAvW,"[{'text': 'COVID', 'indices': [63, 69]}, {'text': 'outside', 'indices': [103, 111]}, {'text': 'Backpacking', 'indices': [112, 124]}, {'text': 'hiking', 'indices': [125, 132]}, {'text': 'walking', 'indices': [136, 144]}]",1,0,1,1.9090909090909087,0.7,coppercanyonfun,0.57,Do things seem offkilter Its typical of April Fools Day or COVIDlife in general  Spend more time outside Backpacking hiking or walking around in circles  https t coB7ZXcVoAvW,Do things seem offkilter Its typical of April Fools Day or COVIDlife in general  Spend more time outside Backpacking hiking or walking around in circles  https t coB7ZXcVoAvW,0.0958333333333333,0.3875,https://t.co/B7ZXcVoAvW
<built-in function id>,wcbs880,1,1,0.0,1132,23711,2008-10-15 05:11:21,1,2021-04-02 23:57:04,2,0,Why are Covid cases still high in places like Newark NJ? We ask ‚Å¶@ShereefElnahal‚Å© plus why one ER Doc says any new surge will never top last years nightmare #880InDepth #Covid ‚Å¶@peterhaskell880‚Å© ‚Å¶@wcbs880‚Å© Give it a listen https://t.co/FcVqQ53Bnp,[],1,0,1,0.0477415545527392,2.4,wcbs880,0.79,Why are Covid cases still high in places like Newark NJ We ask ‚Å¶ShereefElnahal‚Å© plus why one ER Doc says any new surge will never top last years nightmare 880InDepth Covid ‚Å¶peterhaskell880‚Å© ‚Å¶wcbs880‚Å© Give it a listen https t coFcVqQ53Bnp,Why are Covid cases still high in places like Newark NJ We ask ‚Å¶ShereefElnahal‚Å© plus why one ER Doc says any new surge will never top last years nightmare 880InDepth Covid ‚Å¶peterhaskell880‚Å© ‚Å¶wcbs880‚Å© Give it a listen https t coFcVqQ53Bnp,0.011590909090909,0.3903030303030302,https://t.co/FcVqQ53Bnp
<built-in function id>,JJHutts,0,0,0.0,145,78,2015-12-19 01:22:54,0,2021-04-02 23:57:52,17,0,"Out of the 1,100 new cases identified, 300 were variants of concern, meaning 33 per cent of active cases are now variants.  https://t.co/F7a5tmlWWX #abhealth #covid",[],1,0,1,1.858974358974359,3.6,JJHutts,0.79,Out of the 1 100 new cases identified  300 were variants of concern  meaning 33 per cent of active cases are now variants   https t coF7a5tmlWWX abhealth covid,Out of the 1 100 new cases identified  300 were variants of concern  meaning 33 per cent of active cases are now variants   https t coF7a5tmlWWX abhealth covid,0.0015151515151515,0.5272727272727272,https://t.co/F7a5tmlWWX
<built-in function id>,biancansd,1,1,0.0,1184,239,2013-04-01 04:59:02,0,2021-04-01 23:57:25,0,1,All #SanDiegans between 50 and 64 years of age can now get #COVID-19 #vaccine. https://t.co/l4yXI5VLoJ,"[{'text': 'SanDiegans', 'indices': [4, 15]}, {'text': 'COVID', 'indices': [59, 65]}, {'text': 'vaccine', 'indices': [69, 77]}]",1,1,1,4.953974895397489,0.2,biancansd,0.3,All SanDiegans between 50 and 64 years of age can now get COVID19 vaccine  https t col4yXI5VLoJ,All SanDiegans between 50 and 64 years of age can now get COVID19 vaccine  https t col4yXI5VLoJ,0.0,0.0,https://t.co/l4yXI5VLoJ
<built-in function id>,jossjaffe,1,1,0.0,6583,7566,2012-10-02 07:51:01,0,2021-04-01 23:57:47,0,2,Even Sponge Bob is making people freak out...Deep Breaths People üå¨Ô∏èTwo 'SpongeBob SquarePants' episodes pulled from Nickelodeon https://t.co/FltTUZC2VS via @nbcnews #COVID #pandemic #Spongebob #SpongeBobSquarepants #StaySafe,"[{'text': 'COVID', 'indices': [168, 174]}, {'text': 'pandemic', 'indices': [175, 184]}, {'text': 'Spongebob', 'indices': [185, 195]}, {'text': 'SpongeBobSquarepants', 'indices': [196, 217]}, {'text': 'StaySafe', 'indices': [218, 227]}]",1,0,1,0.8700766587364526,0.3,jossjaffe,0.36,Even Sponge Bob is making people freak out   Deep Breaths People üå¨Ô∏èTwo SpongeBob SquarePants episodes pulled from Nickelodeon https t coFltTUZC2VS via nbcnews COVID pandemic Spongebob SpongeBobSquarepants StaySafe,Even Sponge Bob is making people freak out   Deep Breaths People üå¨Ô∏èTwo SpongeBob SquarePants episodes pulled from Nickelodeon https t coFltTUZC2VS via nbcnews COVID pandemic Spongebob SpongeBobSquarepants StaySafe,0.0,0.4,https://t.co/FltTUZC2VS
<built-in function id>,jmcloutier,0,1,0.0,1175,205,2008-03-25 19:01:01,0,2021-04-02 23:59:47,772,0,"We used this portable heart-lung machine as salvage therapy in a younger patients whose lungs had been damaged by #COVID. Until @ongov provides essential workers with #PaidSickDays, workplace protection &amp; access to vaccinations, this machine will continue to be used. https://t.co/JuAgPhFm8N","[{'text': 'COVID', 'indices': [129, 135]}]",1,0,1,5.7317073170731705,0.8,jmcloutier,0.62,We used this portable heartlung machine as salvage therapy in a younger patients whose lungs had been damaged by COVID  Until ongov provides essential workers with PaidSickDays  workplace protection amp  access to vaccinations  this machine will continue to be used  https t coJuAgPhFm8N,We used this portable heartlung machine as salvage therapy in a younger patients whose lungs had been damaged by COVID  Until ongov provides essential workers with PaidSickDays  workplace protection amp  access to vaccinations  this machine will continue to be used  https t coJuAgPhFm8N,0.0,0.15,https://t.co/JuAgPhFm8N
<built-in function id>,DFisman,1,1,0.0,8525,63489,2019-02-15 00:32:14,1,2021-04-02 23:58:51,772,0,"We used this portable heart-lung machine as salvage therapy in a younger patients whose lungs had been damaged by #COVID. Until @ongov provides essential workers with #PaidSickDays, workplace protection &amp; access to vaccinations, this machine will continue to be used. https://t.co/JuAgPhFm8N","[{'text': 'COVID', 'indices': [129, 135]}]",1,0,1,0.1342752287797886,0.4,DFisman,0.41,We used this portable heartlung machine as salvage therapy in a younger patients whose lungs had been damaged by COVID  Until ongov provides essential workers with PaidSickDays  workplace protection amp  access to vaccinations  this machine will continue to be used  https t coJuAgPhFm8N,We used this portable heartlung machine as salvage therapy in a younger patients whose lungs had been damaged by COVID  Until ongov provides essential workers with PaidSickDays  workplace protection amp  access to vaccinations  this machine will continue to be used  https t coJuAgPhFm8N,0.0,0.15,https://t.co/JuAgPhFm8N
<built-in function id>,DonnerHeidi,1,1,0.0,675,295,2016-12-18 21:33:01,0,2021-04-02 23:58:25,36,0,"A Deep Dive on #Covid Data Shows We Knew Way Back Those at Risk, But Destroyed the Economy for Everybody Anyway @Hounsizzle  https://t.co/CvmmKERpnp","[{'text': 'Covid', 'indices': [30, 36]}]",1,0,1,2.288135593220339,0.4,DonnerHeidi,0.41,A Deep Dive on Covid Data Shows We Knew Way Back Those at Risk  But Destroyed the Economy for Everybody Anyway Hounsizzle  https t coCvmmKERpnp,A Deep Dive on Covid Data Shows We Knew Way Back Those at Risk  But Destroyed the Economy for Everybody Anyway Hounsizzle  https t coCvmmKERpnp,0.0,0.2,https://t.co/CvmmKERpnp
<built-in function id>,DoyleLeilani,1,1,0.0,767,2764,2014-01-25 14:18:29,0,2021-04-02 23:58:38,772,0,"We used this portable heart-lung machine as salvage therapy in a younger patients whose lungs had been damaged by #COVID. Until @ongov provides essential workers with #PaidSickDays, workplace protection &amp; access to vaccinations, this machine will continue to be used. https://t.co/JuAgPhFm8N","[{'text': 'COVID', 'indices': [129, 135]}]",1,0,1,0.2774963820549928,0.2,DoyleLeilani,0.27,We used this portable heartlung machine as salvage therapy in a younger patients whose lungs had been damaged by COVID  Until ongov provides essential workers with PaidSickDays  workplace protection amp  access to vaccinations  this machine will continue to be used  https t coJuAgPhFm8N,We used this portable heartlung machine as salvage therapy in a younger patients whose lungs had been damaged by COVID  Until ongov provides essential workers with PaidSickDays  workplace protection amp  access to vaccinations  this machine will continue to be used  https t coJuAgPhFm8N,0.0,0.15,https://t.co/JuAgPhFm8N
<built-in function id>,winzylamb,1,1,0.0,133,29,2009-03-29 02:18:23,0,2021-04-01 23:59:01,1194,0,"On the same day we have 430 #COVID ICU patients in Ontario, 153 ICU physicians have written a letter to @fordnation @celliottability and Dr. Williams. Immediate restrictions beyond the current Framework are required to protect Ontarians from variant-driven Wave 3. https://t.co/TmCKPlHj07","[{'text': 'COVID', 'indices': [43, 49]}]",1,0,1,4.586206896551724,0.0,winzylamb,0.22,On the same day we have 430 COVID ICU patients in Ontario  153 ICU physicians have written a letter to fordnation celliottability and Dr  Williams  Immediate restrictions beyond the current Framework are required to protect Ontarians from variantdriven Wave 3  https t coTmCKPlHj07,On the same day we have 430 COVID ICU patients in Ontario  153 ICU physicians have written a letter to fordnation celliottability and Dr  Williams  Immediate restrictions beyond the current Framework are required to protect Ontarians from variantdriven Wave 3  https t coTmCKPlHj07,0.0,0.2625,https://t.co/TmCKPlHj07
<built-in function id>,FredBoness,1,1,0.0,647,310,2013-03-01 20:16:41,0,2021-04-02 23:56:19,36,0,"A Deep Dive on #Covid Data Shows We Knew Way Back Those at Risk, But Destroyed the Economy for Everybody Anyway @Hounsizzle  https://t.co/CvmmKERpnp","[{'text': 'Covid', 'indices': [30, 36]}]",1,0,1,2.087096774193548,0.4,FredBoness,0.41,A Deep Dive on Covid Data Shows We Knew Way Back Those at Risk  But Destroyed the Economy for Everybody Anyway Hounsizzle  https t coCvmmKERpnp,A Deep Dive on Covid Data Shows We Knew Way Back Those at Risk  But Destroyed the Economy for Everybody Anyway Hounsizzle  https t coCvmmKERpnp,0.0,0.2,https://t.co/CvmmKERpnp
<built-in function id>,PAC_Ski53,1,1,0.0,427,345,2020-01-05 14:14:27,0,2021-04-01 23:57:51,1313,0,"Republicans in Congress were as shameful going against desperately-needed #covid relief #ForThePeople as they are shameless now by claiming credit for what they tried to stop.They said ‚ÄúNO‚Äù unanimously, but it's not stopping them from taking the dough.  https://t.co/2tD1XDbah1","[{'text': 'covid', 'indices': [90, 96]}, {'text': 'ForThePeople', 'indices': [104, 117]}]",1,0,1,1.23768115942029,0.6,PAC_Ski53,0.5,Republicans in Congress were as shameful going against desperatelyneeded covid relief ForThePeople as they are shameless now by claiming credit for what they tried to stop They said ‚ÄúNO‚Äù unanimously  but its not stopping them from taking the dough   https t co2tD1XDbah1,Republicans in Congress were as shameful going against desperatelyneeded covid relief ForThePeople as they are shameless now by claiming credit for what they tried to stop They said ‚ÄúNO‚Äù unanimously  but its not stopping them from taking the dough   https t co2tD1XDbah1,0.0,0.0,https://t.co/2tD1XDbah1
<built-in function id>,infrahumano,0,1,0.0,1004,9080,2013-09-21 01:15:36,0,2021-04-02 23:59:33,772,0,"We used this portable heart-lung machine as salvage therapy in a younger patients whose lungs had been damaged by #COVID. Until @ongov provides essential workers with #PaidSickDays, workplace protection &amp; access to vaccinations, this machine will continue to be used. https://t.co/JuAgPhFm8N","[{'text': 'COVID', 'indices': [129, 135]}]",1,0,1,0.1105726872246696,0.6,infrahumano,0.5,We used this portable heartlung machine as salvage therapy in a younger patients whose lungs had been damaged by COVID  Until ongov provides essential workers with PaidSickDays  workplace protection amp  access to vaccinations  this machine will continue to be used  https t coJuAgPhFm8N,We used this portable heartlung machine as salvage therapy in a younger patients whose lungs had been damaged by COVID  Until ongov provides essential workers with PaidSickDays  workplace protection amp  access to vaccinations  this machine will continue to be used  https t coJuAgPhFm8N,0.0,0.15,https://t.co/JuAgPhFm8N
<built-in function id>,frontline_RN,1,1,0.0,865,598,2014-02-25 18:35:27,0,2021-04-02 23:59:26,772,0,"We used this portable heart-lung machine as salvage therapy in a younger patients whose lungs had been damaged by #COVID. Until @ongov provides essential workers with #PaidSickDays, workplace protection &amp; access to vaccinations, this machine will continue to be used. https://t.co/JuAgPhFm8N","[{'text': 'COVID', 'indices': [129, 135]}]",1,0,1,1.4464882943143813,0.6,frontline_RN,0.52,We used this portable heartlung machine as salvage therapy in a younger patients whose lungs had been damaged by COVID  Until ongov provides essential workers with PaidSickDays  workplace protection amp  access to vaccinations  this machine will continue to be used  https t coJuAgPhFm8N,We used this portable heartlung machine as salvage therapy in a younger patients whose lungs had been damaged by COVID  Until ongov provides essential workers with PaidSickDays  workplace protection amp  access to vaccinations  this machine will continue to be used  https t coJuAgPhFm8N,0.0,0.15,https://t.co/JuAgPhFm8N
<built-in function id>,Tayzlor,1,1,0.0,187,89,2009-05-31 19:33:50,0,2021-04-01 23:58:05,0,0,I got nothing on the jokes happening daily  in #clownworld.#okcoofer #coof #biden #corona #covid #covid19 #masquerade #usa @ USA https://t.co/SJ9qjyKs8P,"[{'text': 'clownworld', 'indices': [47, 58]}, {'text': 'okcoofer', 'indices': [60, 69]}, {'text': 'coof', 'indices': [70, 75]}, {'text': 'biden', 'indices': [76, 82]}, {'text': 'corona', 'indices': [83, 90]}, {'text': 'covid', 'indices': [91, 97]}, {'text': 'covid19', 'indices': [98, 106]}, {'text': 'masquerade', 'indices': [107, 118]}, {'text': 'usa', 'indices': [119, 123]}]",1,1,1,2.101123595505618,0.3,Tayzlor,0.36,I got nothing on the jokes happening daily  in clownworld okcoofer coof biden corona covid covid19 masquerade usa  USA https t coSJ9qjyKs8P,I got nothing on the jokes happening daily  in clownworld okcoofer coof biden corona covid covid19 masquerade usa  USA https t coSJ9qjyKs8P,0.0,0.0,https://t.co/SJ9qjyKs8P
<built-in function id>,JGouldNS,1,1,0.0,307,77,2010-10-08 13:05:00,0,2021-04-02 23:58:10,772,0,"We used this portable heart-lung machine as salvage therapy in a younger patients whose lungs had been damaged by #COVID. Until @ongov provides essential workers with #PaidSickDays, workplace protection &amp; access to vaccinations, this machine will continue to be used. https://t.co/JuAgPhFm8N","[{'text': 'COVID', 'indices': [129, 135]}]",1,0,1,3.987012987012987,0.0,JGouldNS,0.0,We used this portable heartlung machine as salvage therapy in a younger patients whose lungs had been damaged by COVID  Until ongov provides essential workers with PaidSickDays  workplace protection amp  access to vaccinations  this machine will continue to be used  https t coJuAgPhFm8N,We used this portable heartlung machine as salvage therapy in a younger patients whose lungs had been damaged by COVID  Until ongov provides essential workers with PaidSickDays  workplace protection amp  access to vaccinations  this machine will continue to be used  https t coJuAgPhFm8N,0.0,0.15,https://t.co/JuAgPhFm8N
<built-in function id>,linddaaal,0,0,0.0,2,0,2020-07-31 12:12:15,0,2021-04-02 23:59:14,0,0,Only in Australia #covid #sahealth #meme https://t.co/FT6DLtRVze,"[{'text': 'covid', 'indices': [18, 24]}, {'text': 'sahealth', 'indices': [25, 34]}, {'text': 'meme', 'indices': [35, 40]}]",1,0,1,inf,3.5,linddaaal,0.79,Only in Australia covid sahealth meme https t coFT6DLtRVze,Only in Australia covid sahealth meme https t coFT6DLtRVze,0.0,1.0,https://t.co/FT6DLtRVze
<built-in function id>,bluetrees14,1,0,0.0,374,137,2020-05-09 19:41:20,0,2021-04-02 23:58:27,772,0,"We used this portable heart-lung machine as salvage therapy in a younger patients whose lungs had been damaged by #COVID. Until @ongov provides essential workers with #PaidSickDays, workplace protection &amp; access to vaccinations, this machine will continue to be used. https://t.co/JuAgPhFm8N","[{'text': 'COVID', 'indices': [129, 135]}]",1,0,1,2.72992700729927,1.1,bluetrees14,0.71,We used this portable heartlung machine as salvage therapy in a younger patients whose lungs had been damaged by COVID  Until ongov provides essential workers with PaidSickDays  workplace protection amp  access to vaccinations  this machine will continue to be used  https t coJuAgPhFm8N,We used this portable heartlung machine as salvage therapy in a younger patients whose lungs had been damaged by COVID  Until ongov provides essential workers with PaidSickDays  workplace protection amp  access to vaccinations  this machine will continue to be used  https t coJuAgPhFm8N,0.0,0.15,https://t.co/JuAgPhFm8N
<built-in function id>,LeonardoZ,1,1,0.0,2094,2504,2008-08-22 20:11:39,0,2021-04-02 23:57:35,0,0,California to Allow Indoor Gatherings As Virus Cases Plummet #covid #California https://t.co/MgMHBp2etq,"[{'text': 'covid', 'indices': [61, 67]}, {'text': 'California', 'indices': [68, 79]}]",1,0,1,0.8362619808306709,3.4,LeonardoZ,0.79,California to Allow Indoor Gatherings As Virus Cases Plummet covid California https t coMgMHBp2etq,California to Allow Indoor Gatherings As Virus Cases Plummet covid California https t coMgMHBp2etq,0.0,0.0,https://t.co/MgMHBp2etq
<built-in function id>,UnderhillS13,1,0,0.0,88,35,2020-11-14 21:48:07,0,2021-04-02 23:56:45,772,0,"We used this portable heart-lung machine as salvage therapy in a younger patients whose lungs had been damaged by #COVID. Until @ongov provides essential workers with #PaidSickDays, workplace protection &amp; access to vaccinations, this machine will continue to be used. https://t.co/JuAgPhFm8N","[{'text': 'COVID', 'indices': [129, 135]}]",1,0,1,2.5142857142857142,1.2,UnderhillS13,0.74,We used this portable heartlung machine as salvage therapy in a younger patients whose lungs had been damaged by COVID  Until ongov provides essential workers with PaidSickDays  workplace protection amp  access to vaccinations  this machine will continue to be used  https t coJuAgPhFm8N,We used this portable heartlung machine as salvage therapy in a younger patients whose lungs had been damaged by COVID  Until ongov provides essential workers with PaidSickDays  workplace protection amp  access to vaccinations  this machine will continue to be used  https t coJuAgPhFm8N,0.0,0.15,https://t.co/JuAgPhFm8N
<built-in function id>,RichardKing633,1,1,0.0,5001,3919,2012-03-17 11:46:17,0,2021-04-01 23:59:21,0,0,"@crabapple66 If we all left, who would be left to say ‚ÄúIT‚ÄôS OVER‚Äù?The #Covid #Lockdown will be over when the people say it is.  Look around in your local park!‚ÄúIT‚ÄôS OVER!‚Äù","[{'text': 'Covid', 'indices': [71, 77]}, {'text': 'Lockdown', 'indices': [78, 87]}]",1,0,0,1.2760908394998725,1.4,RichardKing633,0.77,crabapple66 If we all left  who would be left to say ‚ÄúIT‚ÄôS OVER‚ÄùThe Covid Lockdown will be over when the people say it is   Look around in your local park ‚ÄúIT‚ÄôS OVER ‚Äù,crabapple66 If we all left  who would be left to say ‚ÄúIT‚ÄôS OVER‚ÄùThe Covid Lockdown will be over when the people say it is   Look around in your local park ‚ÄúIT‚ÄôS OVER ‚Äù,0.0,0.0,No URL
<built-in function id>,KWCoachTerry,1,1,0.0,1490,412,2011-05-05 19:52:37,0,2021-04-02 23:57:53,772,0,"We used this portable heart-lung machine as salvage therapy in a younger patients whose lungs had been damaged by #COVID. Until @ongov provides essential workers with #PaidSickDays, workplace protection &amp; access to vaccinations, this machine will continue to be used. https://t.co/JuAgPhFm8N","[{'text': 'COVID', 'indices': [129, 135]}]",1,0,1,3.616504854368932,1.6,KWCoachTerry,0.77,We used this portable heartlung machine as salvage therapy in a younger patients whose lungs had been damaged by COVID  Until ongov provides essential workers with PaidSickDays  workplace protection amp  access to vaccinations  this machine will continue to be used  https t coJuAgPhFm8N,We used this portable heartlung machine as salvage therapy in a younger patients whose lungs had been damaged by COVID  Until ongov provides essential workers with PaidSickDays  workplace protection amp  access to vaccinations  this machine will continue to be used  https t coJuAgPhFm8N,0.0,0.15,https://t.co/JuAgPhFm8N
<built-in function id>,HomelessQuatchi,1,1,0.0,822,388,2012-12-04 19:17:19,0,2021-04-02 23:57:50,772,0,"We used this portable heart-lung machine as salvage therapy in a younger patients whose lungs had been damaged by #COVID. Until @ongov provides essential workers with #PaidSickDays, workplace protection &amp; access to vaccinations, this machine will continue to be used. https://t.co/JuAgPhFm8N","[{'text': 'COVID', 'indices': [129, 135]}]",1,0,1,2.118556701030928,1.6,HomelessQuatchi,0.78,We used this portable heartlung machine as salvage therapy in a younger patients whose lungs had been damaged by COVID  Until ongov provides essential workers with PaidSickDays  workplace protection amp  access to vaccinations  this machine will continue to be used  https t coJuAgPhFm8N,We used this portable heartlung machine as salvage therapy in a younger patients whose lungs had been damaged by COVID  Until ongov provides essential workers with PaidSickDays  workplace protection amp  access to vaccinations  this machine will continue to be used  https t coJuAgPhFm8N,0.0,0.15,https://t.co/JuAgPhFm8N
<built-in function id>,davidennis2,1,1,0.0,225,245,2011-08-12 16:58:01,0,2021-04-01 23:58:09,6505,0,Despite what @fordnation says.My intubated 30-50 year old #COVID patients were not congregating by choice.They were working in essential jobs where they have the highest exposure risk and the least protection.Do not insult their sacrifice.,"[{'text': 'COVID', 'indices': [74, 80]}]",1,0,0,0.9183673469387756,0.8,davidennis2,0.62,Despite what fordnation says My intubated 3050 year old COVID patients were not congregating by choice They were working in essential jobs where they have the highest exposure risk and the least protection Do not insult their sacrifice ,Despite what fordnation says My intubated 3050 year old COVID patients were not congregating by choice They were working in essential jobs where they have the highest exposure risk and the least protection Do not insult their sacrifice ,-0.0666666666666666,0.3,No URL
<built-in function id>,Brandi56501624,1,1,0.0,91,7,2021-01-03 15:40:44,0,2021-04-02 23:58:06,6505,0,Despite what @fordnation says.My intubated 30-50 year old #COVID patients were not congregating by choice.They were working in essential jobs where they have the highest exposure risk and the least protection.Do not insult their sacrifice.,"[{'text': 'COVID', 'indices': [74, 80]}]",1,0,0,13.0,1.4,Brandi56501624,0.77,Despite what fordnation says My intubated 3050 year old COVID patients were not congregating by choice They were working in essential jobs where they have the highest exposure risk and the least protection Do not insult their sacrifice ,Despite what fordnation says My intubated 3050 year old COVID patients were not congregating by choice They were working in essential jobs where they have the highest exposure risk and the least protection Do not insult their sacrifice ,-0.0666666666666666,0.3,No URL
<built-in function id>,clwilander,0,1,0.0,868,100,2009-07-05 22:27:34,0,2021-04-01 23:59:38,6505,0,Despite what @fordnation says.My intubated 30-50 year old #COVID patients were not congregating by choice.They were working in essential jobs where they have the highest exposure risk and the least protection.Do not insult their sacrifice.,"[{'text': 'COVID', 'indices': [74, 80]}]",1,0,0,8.68,0.0,clwilander,0.0,Despite what fordnation says My intubated 3050 year old COVID patients were not congregating by choice They were working in essential jobs where they have the highest exposure risk and the least protection Do not insult their sacrifice ,Despite what fordnation says My intubated 3050 year old COVID patients were not congregating by choice They were working in essential jobs where they have the highest exposure risk and the least protection Do not insult their sacrifice ,-0.0666666666666666,0.3,No URL
<built-in function id>,anna_dobie,1,1,0.0,548,126,2015-09-29 21:49:22,0,2021-04-01 23:58:17,6505,0,Despite what @fordnation says.My intubated 30-50 year old #COVID patients were not congregating by choice.They were working in essential jobs where they have the highest exposure risk and the least protection.Do not insult their sacrifice.,"[{'text': 'COVID', 'indices': [74, 80]}]",1,0,0,4.349206349206349,0.0,anna_dobie,0.22,Despite what fordnation says My intubated 3050 year old COVID patients were not congregating by choice They were working in essential jobs where they have the highest exposure risk and the least protection Do not insult their sacrifice ,Despite what fordnation says My intubated 3050 year old COVID patients were not congregating by choice They were working in essential jobs where they have the highest exposure risk and the least protection Do not insult their sacrifice ,-0.0666666666666666,0.3,No URL
<built-in function id>,BeysBaeee,1,1,0.0,410,201,2014-07-31 21:12:41,0,2021-04-01 23:58:29,6505,0,Despite what @fordnation says.My intubated 30-50 year old #COVID patients were not congregating by choice.They were working in essential jobs where they have the highest exposure risk and the least protection.Do not insult their sacrifice.,"[{'text': 'COVID', 'indices': [74, 80]}]",1,0,0,2.0398009950248754,0.1,BeysBaeee,0.25,Despite what fordnation says My intubated 3050 year old COVID patients were not congregating by choice They were working in essential jobs where they have the highest exposure risk and the least protection Do not insult their sacrifice ,Despite what fordnation says My intubated 3050 year old COVID patients were not congregating by choice They were working in essential jobs where they have the highest exposure risk and the least protection Do not insult their sacrifice ,-0.0666666666666666,0.3,No URL
<built-in function id>,SansariMed,1,0,0.0,557,115,2014-09-15 02:04:18,0,2021-04-01 23:59:04,6505,0,Despite what @fordnation says.My intubated 30-50 year old #COVID patients were not congregating by choice.They were working in essential jobs where they have the highest exposure risk and the least protection.Do not insult their sacrifice.,"[{'text': 'COVID', 'indices': [74, 80]}]",1,0,0,4.843478260869565,0.2,SansariMed,0.27,Despite what fordnation says My intubated 3050 year old COVID patients were not congregating by choice They were working in essential jobs where they have the highest exposure risk and the least protection Do not insult their sacrifice ,Despite what fordnation says My intubated 3050 year old COVID patients were not congregating by choice They were working in essential jobs where they have the highest exposure risk and the least protection Do not insult their sacrifice ,-0.0666666666666666,0.3,No URL
<built-in function id>,beisan,1,1,0.0,799,3119,2009-04-16 02:36:18,0,2021-04-01 23:57:22,6505,0,Despite what @fordnation says.My intubated 30-50 year old #COVID patients were not congregating by choice.They were working in essential jobs where they have the highest exposure risk and the least protection.Do not insult their sacrifice.,"[{'text': 'COVID', 'indices': [74, 80]}]",1,0,0,0.2561718499519076,0.4,beisan,0.41,Despite what fordnation says My intubated 3050 year old COVID patients were not congregating by choice They were working in essential jobs where they have the highest exposure risk and the least protection Do not insult their sacrifice ,Despite what fordnation says My intubated 3050 year old COVID patients were not congregating by choice They were working in essential jobs where they have the highest exposure risk and the least protection Do not insult their sacrifice ,-0.0666666666666666,0.3,No URL
<built-in function id>,fdtruks,1,1,0.0,293,91,2014-09-19 00:47:46,0,2021-04-01 23:58:12,6505,0,Despite what @fordnation says.My intubated 30-50 year old #COVID patients were not congregating by choice.They were working in essential jobs where they have the highest exposure risk and the least protection.Do not insult their sacrifice.,"[{'text': 'COVID', 'indices': [74, 80]}]",1,0,0,3.21978021978022,0.4,fdtruks,0.41,Despite what fordnation says My intubated 3050 year old COVID patients were not congregating by choice They were working in essential jobs where they have the highest exposure risk and the least protection Do not insult their sacrifice ,Despite what fordnation says My intubated 3050 year old COVID patients were not congregating by choice They were working in essential jobs where they have the highest exposure risk and the least protection Do not insult their sacrifice ,-0.0666666666666666,0.3,No URL
<built-in function id>,monsieurmean,1,0,0.0,2210,1132,2012-07-24 17:40:49,0,2021-04-01 23:58:23,6505,0,Despite what @fordnation says.My intubated 30-50 year old #COVID patients were not congregating by choice.They were working in essential jobs where they have the highest exposure risk and the least protection.Do not insult their sacrifice.,"[{'text': 'COVID', 'indices': [74, 80]}]",1,0,0,1.952296819787986,0.6,monsieurmean,0.5,Despite what fordnation says My intubated 3050 year old COVID patients were not congregating by choice They were working in essential jobs where they have the highest exposure risk and the least protection Do not insult their sacrifice ,Despite what fordnation says My intubated 3050 year old COVID patients were not congregating by choice They were working in essential jobs where they have the highest exposure risk and the least protection Do not insult their sacrifice ,-0.0666666666666666,0.3,No URL
<built-in function id>,DiPettaSonia,0,1,0.0,743,396,2014-02-24 21:31:40,0,2021-04-01 23:57:45,6505,0,Despite what @fordnation says.My intubated 30-50 year old #COVID patients were not congregating by choice.They were working in essential jobs where they have the highest exposure risk and the least protection.Do not insult their sacrifice.,"[{'text': 'COVID', 'indices': [74, 80]}]",1,0,0,1.8762626262626263,1.2,DiPettaSonia,0.73,Despite what fordnation says My intubated 3050 year old COVID patients were not congregating by choice They were working in essential jobs where they have the highest exposure risk and the least protection Do not insult their sacrifice ,Despite what fordnation says My intubated 3050 year old COVID patients were not congregating by choice They were working in essential jobs where they have the highest exposure risk and the least protection Do not insult their sacrifice ,-0.0666666666666666,0.3,No URL
<built-in function id>,voilamsgraham,1,1,0.0,104,69,2018-11-11 20:12:56,0,2021-04-01 23:57:31,6505,0,Despite what @fordnation says.My intubated 30-50 year old #COVID patients were not congregating by choice.They were working in essential jobs where they have the highest exposure risk and the least protection.Do not insult their sacrifice.,"[{'text': 'COVID', 'indices': [74, 80]}]",1,0,0,1.5072463768115942,1.0,voilamsgraham,0.7,Despite what fordnation says My intubated 3050 year old COVID patients were not congregating by choice They were working in essential jobs where they have the highest exposure risk and the least protection Do not insult their sacrifice ,Despite what fordnation says My intubated 3050 year old COVID patients were not congregating by choice They were working in essential jobs where they have the highest exposure risk and the least protection Do not insult their sacrifice ,-0.0666666666666666,0.3,No URL
<built-in function id>,OhforFarkssake,1,0,0.0,191,62,2020-04-01 16:21:39,0,2021-04-01 23:59:25,6505,0,Despite what @fordnation says.My intubated 30-50 year old #COVID patients were not congregating by choice.They were working in essential jobs where they have the highest exposure risk and the least protection.Do not insult their sacrifice.,"[{'text': 'COVID', 'indices': [74, 80]}]",1,0,0,3.0806451612903225,1.0,OhforFarkssake,0.7,Despite what fordnation says My intubated 3050 year old COVID patients were not congregating by choice They were working in essential jobs where they have the highest exposure risk and the least protection Do not insult their sacrifice ,Despite what fordnation says My intubated 3050 year old COVID patients were not congregating by choice They were working in essential jobs where they have the highest exposure risk and the least protection Do not insult their sacrifice ,-0.0666666666666666,0.3,No URL
<built-in function id>,GadflyQuebec,1,1,0.0,4997,3983,2012-02-17 15:21:11,0,2021-04-01 23:58:08,6505,0,Despite what @fordnation says.My intubated 30-50 year old #COVID patients were not congregating by choice.They were working in essential jobs where they have the highest exposure risk and the least protection.Do not insult their sacrifice.,"[{'text': 'COVID', 'indices': [74, 80]}]",1,0,0,1.2545819733868944,3.4,GadflyQuebec,0.79,Despite what fordnation says My intubated 3050 year old COVID patients were not congregating by choice They were working in essential jobs where they have the highest exposure risk and the least protection Do not insult their sacrifice ,Despite what fordnation says My intubated 3050 year old COVID patients were not congregating by choice They were working in essential jobs where they have the highest exposure risk and the least protection Do not insult their sacrifice ,-0.0666666666666666,0.3,No URL
<built-in function id>,M_3927,1,0,0.0,362,97,2013-02-07 12:49:24,0,2021-04-02 23:55:54,6,0,Update: Got my immunization records 24 hours after I requested it via the Minnesota Immunization Information Connection (which combines your jabs into a single record). Both #COVID jabs were there. https://t.co/Dn0XZ2io6Y https://t.co/HhSeSWujIV,[],1,0,1,3.731958762886598,0.4,M_3927,0.39,Update  Got my immunization records 24 hours after I requested it via the Minnesota Immunization Information Connection which combines your jabs into a single record  Both COVID jabs were there  https t coDn0XZ2io6Y https t coHhSeSWujIV,Update  Got my immunization records 24 hours after I requested it via the Minnesota Immunization Information Connection which combines your jabs into a single record  Both COVID jabs were there  https t coDn0XZ2io6Y https t coHhSeSWujIV,-0.0714285714285714,0.2142857142857142,https://t.co/Dn0XZ2io6Y
<built-in function id>,kieldaho,1,1,0.0,225,261,2015-10-29 12:08:26,0,2021-04-01 23:57:56,122,0,"Friends, please help us report this page.Despite the alarming #COVID surge that‚Äôs causing our healthcare system to collapse, this page is denying the existence of COVID and even saying testing should be stopped.The page now has thousands of followers.https://t.co/sMehV3QReG https://t.co/esvAdGIHlY","[{'text': 'COVID', 'indices': [81, 87]}]",1,1,1,0.8620689655172413,0.4,kieldaho,0.39,Friends  please help us report this page Despite the alarming COVID surge that‚Äôs causing our healthcare system to collapse  this page is denying the existence of COVID and even saying testing should be stopped The page now has thousands of followers https t cosMehV3QReG https t coesvAdGIHlY,Friends  please help us report this page Despite the alarming COVID surge that‚Äôs causing our healthcare system to collapse  this page is denying the existence of COVID and even saying testing should be stopped The page now has thousands of followers https t cosMehV3QReG https t coesvAdGIHlY,-0.1,0.6,https://t.co/sMehV3QReG
<built-in function id>,SkoczSteven,1,1,0.0,852,577,2019-12-25 19:58:14,0,2021-04-02 23:59:29,56,0,Stop comparing #COVID vaccines to the Holocaust. Stop comparing #CovidPassports to the yellow star. Stop comparing COVID passports to Jim Crow segregation practices. Knock this shit off. Your ignorance or manipulation of history is pissing me off.,"[{'text': 'COVID', 'indices': [29, 35]}, {'text': 'CovidPassports', 'indices': [80, 95]}]",1,0,0,1.4766031195840554,0.7,SkoczSteven,0.57,Stop comparing COVID vaccines to the Holocaust  Stop comparing CovidPassports to the yellow star  Stop comparing COVID passports to Jim Crow segregation practices  Knock this shit off  Your ignorance or manipulation of history is pissing me off ,Stop comparing COVID vaccines to the Holocaust  Stop comparing CovidPassports to the yellow star  Stop comparing COVID passports to Jim Crow segregation practices  Knock this shit off  Your ignorance or manipulation of history is pissing me off ,-0.1,0.4,No URL
<built-in function id>,Maura2e2_,1,1,0.0,4996,3659,2016-06-14 12:12:32,0,2021-04-02 23:56:26,59,0,What has been achieved in vaccine delivery is due to the GPs and in spite of rather than because of HSE. Can someone remind me why we need this bureaucratic dysfunctional organisation in addition to Dept of Health?? Apart from jobs for boys..Time to end it?? #covid @LeoVaradkar,[],1,0,0,1.3654003826182015,3.2,Maura2e2_,0.79,What has been achieved in vaccine delivery is due to the GPs and in spite of rather than because of HSE  Can someone remind me why we need this bureaucratic dysfunctional organisation in addition to Dept of Health Apart from jobs for boys  Time to end it covid LeoVaradkar,What has been achieved in vaccine delivery is due to the GPs and in spite of rather than because of HSE  Can someone remind me why we need this bureaucratic dysfunctional organisation in addition to Dept of Health Apart from jobs for boys  Time to end it covid LeoVaradkar,-0.125,0.375,No URL
<built-in function id>,dlomore,1,1,0.0,183,34,2010-04-05 01:15:04,0,2021-04-02 23:58:33,0,0,"Fuck this. Going motorcycling this weekend. Fuck staying home, fuck #truedope, fuck #covid, fuck no vaccines in #canadaria, fuck #OntarioMockdown.","[{'text': 'truedope', 'indices': [68, 77]}, {'text': 'covid', 'indices': [84, 90]}, {'text': 'canadaria', 'indices': [112, 122]}, {'text': 'OntarioMockdown', 'indices': [129, 145]}]",1,0,0,5.382352941176471,1.8,dlomore,0.78,Fuck this  Going motorcycling this weekend  Fuck staying home  fuck truedope  fuck covid  fuck no vaccines in canadaria  fuck OntarioMockdown ,Fuck this  Going motorcycling this weekend  Fuck staying home  fuck truedope  fuck covid  fuck no vaccines in canadaria  fuck OntarioMockdown ,-0.3999999999999999,0.6,No URL
